Linha,Coluna,Arquivo
1,1,parcela-1-1.png
1,2,parcela-1-2.png
1,3,parcela-1-3.png
1,4,parcela-1-4.png
1,5,parcela-1-5.png
1,6,parcela-1-6.png
1,7,parcela-1-7.png
1,8,parcela-1-8.png
1,9,parcela-1-9.png
1,10,parcela-1-10.png
1,11,parcela-1-11.png
1,12,parcela-1-12.png
1,13,parcela-1-13.png
1,14,parcela-1-14.png
1,15,parcela-1-15.png
1,16,parcela-1-16.png
1,17,parcela-1-17.png
1,18,parcela-1-18.png
1,19,parcela-1-19.png
1,20,parcela-1-20.png
1,21,parcela-1-21.png
2,1,parcela-2-1.png
2,2,parcela-2-2.png
2,3,parcela-2-3.png
2,4,parcela-2-4.png
2,5,parcela-2-5.png
2,6,parcela-2-6.png
2,7,parcela-2-7.png
2,8,parcela-2-8.png
2,9,parcela-2-9.png
2,10,parcela-2-10.png
2,11,parcela-2-11.png
2,12,parcela-2-12.png
2,13,parcela-2-13.png
2,14,parcela-2-14.png
2,15,parcela-2-15.png
2,16,parcela-2-16.png
2,17,parcela-2-17.png
2,18,parcela-2-18.png
2,19,parcela-2-19.png
2,20,parcela-2-20.png
2,21,parcela-2-21.png
2,22,parcela-2-22.png
2,23,parcela-2-23.png
2,24,parcela-2-24.png
2,25,parcela-2-25.png
2,26,parcela-2-26.png
3,1,parcela-3-1.png
3,2,parcela-3-2.png
3,3,parcela-3-3.png
3,4,parcela-3-4.png
3,5,parcela-3-5.png
3,6,parcela-3-6.png
3,7,parcela-3-7.png
3,8,parcela-3-8.png
3,9,parcela-3-9.png
3,10,parcela-3-10.png
3,11,parcela-3-11.png
3,12,parcela-3-12.png
3,13,parcela-3-13.png
3,14,parcela-3-14.png
3,15,parcela-3-15.png
3,16,parcela-3-16.png
3,17,parcela-3-17.png
3,18,parcela-3-18.png
3,19,parcela-3-19.png
3,20,parcela-3-20.png
3,21,parcela-3-21.png
3,22,parcela-3-22.png
3,23,parcela-3-23.png
3,24,parcela-3-24.png
3,25,parcela-3-25.png
3,26,parcela-3-26.png
4,1,parcela-4-1.png
4,2,parcela-4-2.png
4,3,parcela-4-3.png
4,4,parcela-4-4.png
4,5,parcela-4-5.png
4,6,parcela-4-6.png
4,7,parcela-4-7.png
4,8,parcela-4-8.png
4,9,parcela-4-9.png
4,10,parcela-4-10.png
4,11,parcela-4-11.png
4,12,parcela-4-12.png
4,13,parcela-4-13.png
4,14,parcela-4-14.png
4,15,parcela-4-15.png
4,16,parcela-4-16.png
4,17,parcela-4-17.png
4,18,parcela-4-18.png
4,19,parcela-4-19.png
4,20,parcela-4-20.png
4,21,parcela-4-21.png
4,22,parcela-4-22.png
4,23,parcela-4-23.png
4,24,parcela-4-24.png
4,25,parcela-4-25.png
4,26,parcela-4-26.png
5,1,parcela-5-1.png
5,2,parcela-5-2.png
5,3,parcela-5-3.png
5,4,parcela-5-4.png
5,5,parcela-5-5.png
5,6,parcela-5-6.png
5,7,parcela-5-7.png
5,8,parcela-5-8.png
5,9,parcela-5-9.png
5,10,parcela-5-10.png
5,11,parcela-5-11.png
5,12,parcela-5-12.png
5,13,parcela-5-13.png
5,14,parcela-5-14.png
5,15,parcela-5-15.png
5,16,parcela-5-16.png
5,17,parcela-5-17.png
5,18,parcela-5-18.png
5,19,parcela-5-19.png
6,1,parcela-6-1.png
6,2,parcela-6-2.png
6,3,parcela-6-3.png
6,4,parcela-6-4.png
6,5,parcela-6-5.png
6,6,parcela-6-6.png
6,7,parcela-6-7.png
6,8,parcela-6-8.png
6,9,parcela-6-9.png
6,10,parcela-6-10.png
6,11,parcela-6-11.png
6,12,parcela-6-12.png
6,13,parcela-6-13.png
6,14,parcela-6-14.png
6,15,parcela-6-15.png
6,16,parcela-6-16.png
6,17,parcela-6-17.png
6,18,parcela-6-18.png
6,19,parcela-6-19.png
7,1,parcela-7-1.png
7,2,parcela-7-2.png
7,3,parcela-7-3.png
7,4,parcela-7-4.png
7,5,parcela-7-5.png
7,6,parcela-7-6.png
7,7,parcela-7-7.png
7,8,parcela-7-8.png
7,9,parcela-7-9.png
7,10,parcela-7-10.png
7,11,parcela-7-11.png
8,1,parcela-8-1.png
8,2,parcela-8-2.png
8,3,parcela-8-3.png
8,4,parcela-8-4.png
8,5,parcela-8-5.png
8,6,parcela-8-6.png
8,7,parcela-8-7.png
8,8,parcela-8-8.png
8,9,parcela-8-9.png
9,1,parcela-9-1.png
9,2,parcela-9-2.png
9,3,parcela-9-3.png
9,4,parcela-9-4.png
9,5,parcela-9-5.png
9,6,parcela-9-6.png
9,7,parcela-9-7.png
9,8,parcela-9-8.png
9,9,parcela-9-9.png
10,1,parcela-10-1.png
10,2,parcela-10-2.png
10,3,parcela-10-3.png
10,4,parcela-10-4.png
10,5,parcela-10-5.png
10,6,parcela-10-6.png
10,7,parcela-10-7.png
10,8,parcela-10-8.png
10,9,parcela-10-9.png
11,1,parcela-11-1.png
11,2,parcela-11-2.png
11,3,parcela-11-3.png
11,4,parcela-11-4.png
11,5,parcela-11-5.png
11,6,parcela-11-6.png
11,7,parcela-11-7.png
12,1,parcela-12-1.png
12,2,parcela-12-2.png
12,3,parcela-12-3.png
12,4,parcela-12-4.png
12,5,parcela-12-5.png
12,6,parcela-12-6.png
12,7,parcela-12-7.png
13,1,parcela-13-1.png
13,2,parcela-13-2.png
13,3,parcela-13-3.png
13,4,parcela-13-4.png
13,5,parcela-13-5.png
13,6,parcela-13-6.png
13,7,parcela-13-7.png
13,8,parcela-13-8.png
13,9,parcela-13-9.png
13,10,parcela-13-10.png
13,11,parcela-13-11.png
